GROUP,PACKAGE,CLASS,INSTRUCTION_MISSED,INSTRUCTION_COVERED,BRANCH_MISSED,BRANCH_COVERED,LINE_MISSED,LINE_COVERED,COMPLEXITY_MISSED,COMPLEXITY_COVERED,METHOD_MISSED,METHOD_COVERED
my-social-connect-api,com.capone.social.model,Person,12,66,0,0,6,17,3,6,3,6
my-social-connect-api,com.capone.social.controller,SocialConnectViewController,23,12,0,0,5,4,1,2,1,2
my-social-connect-api,com.capone.social.controller,SocialConnectResource,0,36,0,0,0,8,0,6,0,6
my-social-connect-api,com.capone.social,SocialConnectBootStartApp,5,3,0,0,2,1,1,1,1,1
my-social-connect-api,com.capone.social.service,SocialConnectServiceImpl,2,377,1,25,1,89,1,20,0,8
my-social-connect-api,com.capone.social.service,CustomResourceLoader,19,157,0,10,7,38,1,9,1,4
